rajnish_video1.webm.mp4,0,CALM:97.30988 | SURPRISED:6.4211645 | FEAR:6.0523753 | SAD:2.259016 | CONFUSED:1.043065 | DISGUSTED:0.23682147 | ANGRY:0.19261798 | HAPPY:0.049784843 | ,width: 0.22220421 | height: 0.5454867left: 0.4305241 | top: 0.1748694
rajnish_video1.webm.mp4,483,CALM:97.2548 | SURPRISED:6.323728 | FEAR:6.05188 | SAD:2.2705364 | CONFUSED:1.2407007 | ANGRY:0.23877402 | DISGUSTED:0.20433906 | HAPPY:0.047958195 | ,width: 0.22188845 | height: 0.5444144left: 0.43047538 | top: 0.16654904
rajnish_video1.webm.mp4,967,FEAR:81.01428 | CALM:31.58814 | SURPRISED:6.9658117 | SAD:2.523747 | CONFUSED:1.8794249 | DISGUSTED:0.47267607 | ANGRY:0.41747564 | HAPPY:0.2121008 | ,width: 0.22031364 | height: 0.54727226left: 0.4294556 | top: 0.16446008
rajnish_video1.webm.mp4,1485,CALM:64.79961 | FEAR:35.32725 | SURPRISED:6.6186233 | SAD:2.3937843 | CONFUSED:0.73903984 | ANGRY:0.27136922 | DISGUSTED:0.2325123 | HAPPY:0.1603135 | ,width: 0.22087058 | height: 0.5432946left: 0.4317933 | top: 0.16931169
rajnish_video1.webm.mp4,1969,CALM:62.75769 | FEAR:36.684113 | SURPRISED:6.6294856 | SAD:2.4187894 | CONFUSED:1.7772613 | ANGRY:0.29104096 | DISGUSTED:0.26783058 | HAPPY:0.13694845 | ,width: 0.22290602 | height: 0.546715left: 0.42636365 | top: 0.16950646
rajnish_video1.webm.mp4,2487,CALM:86.70869 | FEAR:7.4400134 | SURPRISED:6.8155646 | CONFUSED:5.4177833 | SAD:2.5298982 | DISGUSTED:0.7801516 | ANGRY:0.7367497 | HAPPY:0.33958706 | ,width: 0.22113876 | height: 0.54527694left: 0.42827922 | top: 0.16601558
rajnish_video1.webm.mp4,2971,CALM:91.633644 | FEAR:7.110304 | SURPRISED:6.4749637 | SAD:2.5874238 | CONFUSED:2.054964 | DISGUSTED:0.68790144 | ANGRY:0.52739537 | HAPPY:0.2829568 | ,width: 0.21965942 | height: 0.5247171left: 0.43368006 | top: 0.16773275
rajnish_video1.webm.mp4,3489,CALM:94.278625 | FEAR:6.7732096 | SURPRISED:6.526249 | SAD:2.3653226 | CONFUSED:1.4163977 | ANGRY:0.40178248 | DISGUSTED:0.2877637 | HAPPY:0.1259307 | ,width: 0.22618322 | height: 0.56330466left: 0.4278404 | top: 0.1616484
rajnish_video1.webm.mp4,3973,CALM:62.83145 | FEAR:30.49416 | SURPRISED:6.8875628 | SAD:2.7816095 | CONFUSED:2.702378 | DISGUSTED:1.0186167 | ANGRY:0.90485036 | HAPPY:0.4354781 | ,width: 0.21859303 | height: 0.5425981left: 0.4356928 | top: 0.16671075
rajnish_video1.webm.mp4,4491,CALM:97.818825 | SURPRISED:6.3086705 | FEAR:5.94995 | SAD:2.2924418 | CONFUSED:0.9550265 | ANGRY:0.2388525 | DISGUSTED:0.16149768 | HAPPY:0.042270664 | ,width: 0.21941367 | height: 0.53335685left: 0.43520412 | top: 0.1699048
rajnish_video1.webm.mp4,4974,CALM:99.46336 | SURPRISED:6.2824597 | FEAR:5.9059696 | SAD:2.1854455 | CONFUSED:0.10714285 | ANGRY:0.096440114 | DISGUSTED:0.04557485 | HAPPY:0.015249237 | ,width: 0.21754532 | height: 0.54285777left: 0.4281246 | top: 0.17343427
rajnish_video1.webm.mp4,5493,CALM:94.57671 | FEAR:6.9134803 | SURPRISED:6.7849174 | SAD:2.3235872 | CONFUSED:0.63818306 | DISGUSTED:0.28162438 | ANGRY:0.22999263 | HAPPY:0.10058994 | ,width: 0.22545567 | height: 0.5114356left: 0.41059738 | top: 0.1852011
rajnish_video1.webm.mp4,5976,CALM:99.399055 | SURPRISED:6.3128667 | FEAR:5.909222 | SAD:2.1797335 | CONFUSED:0.10818483 | ANGRY:0.08236023 | DISGUSTED:0.06027178 | HAPPY:0.02810922 | ,width: 0.2282199 | height: 0.5415425left: 0.42500147 | top: 0.17270288
rajnish_video1.webm.mp4,6495,CALM:70.826256 | SURPRISED:15.951765 | FEAR:12.596728 | SAD:2.4483378 | CONFUSED:1.5351498 | DISGUSTED:0.9008349 | ANGRY:0.8470853 | HAPPY:0.34509957 | ,width: 0.21971455 | height: 0.539532left: 0.4305945 | top: 0.17301208
rajnish_video1.webm.mp4,6978,CALM:99.09436 | SURPRISED:6.3036695 | FEAR:5.9787283 | SAD:2.1914303 | CONFUSED:0.14073974 | DISGUSTED:0.11767033 | ANGRY:0.08951178 | HAPPY:0.030293388 | ,width: 0.2214034 | height: 0.54167885left: 0.4334905 | top: 0.17250985
rajnish_video1.webm.mp4,7496,CALM:98.37183 | SURPRISED:6.4167595 | FEAR:6.0616126 | SAD:2.2085693 | CONFUSED:0.350185 | DISGUSTED:0.11641844 | ANGRY:0.07299411 | HAPPY:0.06678396 | ,width: 0.22151509 | height: 0.55562025left: 0.42769283 | top: 0.17308913
rajnish_video1.webm.mp4,7980,CALM:78.26143 | FEAR:10.763292 | SURPRISED:7.816898 | CONFUSED:5.070069 | SAD:2.8526485 | ANGRY:0.8091021 | DISGUSTED:0.78969884 | HAPPY:0.4279564 | ,width: 0.21738043 | height: 0.53639096left: 0.42472452 | top: 0.17242567
rajnish_video1.webm.mp4,8498,CALM:94.767365 | SURPRISED:8.1757765 | FEAR:6.008928 | SAD:2.2779465 | CONFUSED:0.61717683 | ANGRY:0.2569254 | DISGUSTED:0.15343654 | HAPPY:0.06818618 | ,width: 0.23320627 | height: 0.5601248left: 0.41415662 | top: 0.17823966
rajnish_video1.webm.mp4,8982,CALM:97.93777 | SURPRISED:6.4176993 | FEAR:5.9925957 | SAD:2.315435 | CONFUSED:0.40699822 | ANGRY:0.21236522 | DISGUSTED:0.19199547 | HAPPY:0.07032935 | ,width: 0.23612595 | height: 0.5568567left: 0.4121839 | top: 0.17578545
rajnish_video1.webm.mp4,9466,CALM:98.71835 | SURPRISED:6.300329 | FEAR:5.9840574 | SAD:2.2219746 | CONFUSED:0.50220454 | ANGRY:0.07569057 | DISGUSTED:0.04545335 | HAPPY:0.024242237 | ,width: 0.21928425 | height: 0.54481995left: 0.43120566 | top: 0.17691286
rajnish_video1.webm.mp4,9984,CALM:99.69447 | SURPRISED:6.271214 | FEAR:5.891434 | SAD:2.1703217 | CONFUSED:0.08768153 | ANGRY:0.030997256 | DISGUSTED:0.018121589 | HAPPY:0.0073819333 | ,width: 0.22708654 | height: 0.5468846left: 0.4247078 | top: 0.17262578
rajnish_video1.webm.mp4,10468,CALM:80.19062 | FEAR:8.018371 | CONFUSED:7.846777 | SURPRISED:7.00049 | SAD:2.9060512 | ANGRY:1.2841508 | DISGUSTED:1.1621529 | HAPPY:0.9596823 | ,width: 0.22289352 | height: 0.55549586left: 0.4282526 | top: 0.16390423
rajnish_video1.webm.mp4,10986,CALM:96.48384 | SURPRISED:6.4986954 | FEAR:6.0512366 | SAD:2.3359587 | CONFUSED:1.2013311 | ANGRY:0.39028564 | DISGUSTED:0.23427948 | HAPPY:0.13651977 | ,width: 0.23044014 | height: 0.55161315left: 0.42331848 | top: 0.16375194
rajnish_video1.webm.mp4,11469,FEAR:84.96409 | CALM:28.049452 | SURPRISED:7.3653827 | SAD:2.395753 | CONFUSED:1.0963554 | ANGRY:0.45805004 | DISGUSTED:0.27349263 | HAPPY:0.18564273 | ,width: 0.22280368 | height: 0.54948694left: 0.43158787 | top: 0.1654516
rajnish_video1.webm.mp4,11988,CALM:98.82058 | SURPRISED:6.4594173 | FEAR:5.929103 | SAD:2.2146382 | CONFUSED:0.21735778 | ANGRY:0.10354554 | DISGUSTED:0.058488727 | HAPPY:0.02659807 | ,width: 0.23064585 | height: 0.55419266left: 0.42230973 | top: 0.16624501
rajnish_video1.webm.mp4,12471,CALM:92.45475 | SURPRISED:8.628278 | FEAR:6.3211703 | SAD:2.3694735 | CONFUSED:0.62190956 | ANGRY:0.5260407 | DISGUSTED:0.3059468 | HAPPY:0.18548952 | ,width: 0.22805777 | height: 0.56483024left: 0.4270146 | top: 0.16771486
rajnish_video1.webm.mp4,12990,CALM:99.288734 | SURPRISED:6.3579283 | FEAR:5.90154 | SAD:2.1871076 | CONFUSED:0.14598945 | ANGRY:0.08942169 | DISGUSTED:0.04287363 | HAPPY:0.019248115 | ,width: 0.22493124 | height: 0.5447858left: 0.4283924 | top: 0.16902919
rajnish_video1.webm.mp4,13473,CALM:86.86683 | SURPRISED:10.096362 | FEAR:6.7231884 | CONFUSED:2.7253768 | SAD:2.3679857 | ANGRY:0.85409796 | DISGUSTED:0.41646874 | HAPPY:0.24175833 | ,width: 0.2261239 | height: 0.56347877left: 0.43510836 | top: 0.16459012
rajnish_video1.webm.mp4,13991,CALM:96.10275 | SURPRISED:7.3390126 | FEAR:6.1389995 | SAD:2.2421951 | CONFUSED:0.43525314 | ANGRY:0.21378651 | DISGUSTED:0.1612067 | HAPPY:0.08223623 | ,width: 0.22276822 | height: 0.55645174left: 0.42354307 | top: 0.16400427
rajnish_video1.webm.mp4,14475,CALM:97.2546 | SURPRISED:6.91989 | FEAR:5.9860024 | SAD:2.2311206 | CONFUSED:0.546254 | ANGRY:0.19458738 | DISGUSTED:0.11448909 | HAPPY:0.055789657 | ,width: 0.2236392 | height: 0.54610056left: 0.42590275 | top: 0.16349767
rajnish_video1.webm.mp4,14993,CALM:93.37982 | FEAR:7.4166956 | SURPRISED:6.879477 | SAD:2.2855256 | CONFUSED:0.776221 | ANGRY:0.22410427 | DISGUSTED:0.18813689 | HAPPY:0.07752248 | ,width: 0.2219102 | height: 0.53257424left: 0.4239275 | top: 0.16275962
rajnish_video1.webm.mp4,15477,CALM:97.19471 | SURPRISED:6.4826975 | FEAR:5.9806485 | SAD:2.2915683 | CONFUSED:1.075578 | ANGRY:0.2595075 | DISGUSTED:0.21830979 | HAPPY:0.052188754 | ,width: 0.21882229 | height: 0.5263369left: 0.42556542 | top: 0.16064699
rajnish_video1.webm.mp4,15995,CALM:94.52851 | SURPRISED:6.564416 | FEAR:6.127871 | SAD:2.5459046 | CONFUSED:2.228876 | DISGUSTED:0.34407502 | ANGRY:0.31923914 | HAPPY:0.08348426 | ,width: 0.21524343 | height: 0.5160987left: 0.42819524 | top: 0.16337183
rajnish_video1.webm.mp4,16479,CALM:97.87811 | SURPRISED:6.3915477 | FEAR:5.96683 | SAD:2.306646 | CONFUSED:0.7590133 | ANGRY:0.16377473 | DISGUSTED:0.12632999 | HAPPY:0.03837067 | ,width: 0.2155467 | height: 0.5231572left: 0.4336815 | top: 0.15638801
rajnish_video1.webm.mp4,16997,CALM:98.7325 | SURPRISED:6.4169893 | FEAR:6.106975 | SAD:2.1783297 | CONFUSED:0.108228914 | ANGRY:0.053943723 | DISGUSTED:0.040770985 | HAPPY:0.022760471 | ,width: 0.22452708 | height: 0.5298328left: 0.43044814 | top: 0.1826993
rajnish_video1.webm.mp4,17481,CALM:99.13729 | SURPRISED:6.2858133 | FEAR:5.9249854 | SAD:2.193521 | CONFUSED:0.32408082 | DISGUSTED:0.08719934 | ANGRY:0.069502115 | HAPPY:0.02579403 | ,width: 0.22074404 | height: 0.53173983left: 0.4359699 | top: 0.17323524
rajnish_video1.webm.mp4,17999,CALM:99.309074 | SURPRISED:6.2901826 | FEAR:5.984497 | SAD:2.1823676 | CONFUSED:0.09024211 | ANGRY:0.051975932 | DISGUSTED:0.042998 | HAPPY:0.019176435 | ,width: 0.22721072 | height: 0.53782left: 0.43572807 | top: 0.17414746
rajnish_video1.webm.mp4,18483,CALM:97.09218 | SURPRISED:6.3775444 | FEAR:6.246491 | SAD:2.2429872 | CONFUSED:1.0309937 | DISGUSTED:0.15503164 | ANGRY:0.12083079 | HAPPY:0.067646004 | ,width: 0.22426423 | height: 0.54319054left: 0.438107 | top: 0.17546226
rajnish_video1.webm.mp4,18966,CALM:75.29324 | FEAR:15.309927 | SURPRISED:7.910808 | SAD:2.6865034 | CONFUSED:2.1526268 | ANGRY:0.8651681 | DISGUSTED:0.70933264 | HAPPY:0.5924659 | ,width: 0.22480878 | height: 0.5518586left: 0.4299918 | top: 0.16923429
rajnish_video1.webm.mp4,19485,CALM:61.050255 | FEAR:30.04765 | SURPRISED:8.70649 | SAD:2.604342 | CONFUSED:2.4964807 | DISGUSTED:0.9787122 | ANGRY:0.80241036 | HAPPY:0.4047931 | ,width: 0.22421408 | height: 0.55665386left: 0.42877823 | top: 0.17044203
rajnish_video1.webm.mp4,19968,CALM:77.73548 | FEAR:15.373194 | SURPRISED:7.8282175 | SAD:2.46676 | CONFUSED:1.4126345 | DISGUSTED:0.4879756 | ANGRY:0.46445537 | HAPPY:0.18511258 | ,width: 0.23043832 | height: 0.5487365left: 0.4276692 | top: 0.16953354
rajnish_video1.webm.mp4,20487,CALM:92.96589 | FEAR:7.3857603 | SURPRISED:7.1866555 | SAD:2.2778375 | CONFUSED:0.5985283 | DISGUSTED:0.3183769 | ANGRY:0.20313287 | HAPPY:0.10589674 | ,width: 0.22837572 | height: 0.558898left: 0.42589802 | top: 0.16725498
rajnish_video1.webm.mp4,20970,CALM:96.99392 | SURPRISED:6.624291 | FEAR:6.2088428 | SAD:2.2129452 | CONFUSED:0.8069474 | ANGRY:0.17038707 | DISGUSTED:0.15583515 | HAPPY:0.060954474 | ,width: 0.22640038 | height: 0.5514154left: 0.4268133 | top: 0.17390743
rajnish_video1.webm.mp4,21488,CALM:99.03533 | SURPRISED:6.2916875 | FEAR:5.9561486 | SAD:2.2074423 | CONFUSED:0.29485813 | DISGUSTED:0.08005752 | ANGRY:0.0659698 | HAPPY:0.027735595 | ,width: 0.2281392 | height: 0.5596891left: 0.4229311 | top: 0.17045228
rajnish_video1.webm.mp4,21972,CALM:98.54439 | SURPRISED:6.3292103 | FEAR:6.0064535 | SAD:2.21421 | CONFUSED:0.42412466 | ANGRY:0.13071068 | DISGUSTED:0.1274399 | HAPPY:0.048487533 | ,width: 0.22831412 | height: 0.5527356left: 0.4294867 | top: 0.17081061
rajnish_video1.webm.mp4,22490,CALM:96.92544 | FEAR:6.658938 | SURPRISED:6.519789 | SAD:2.1861022 | CONFUSED:0.19945718 | ANGRY:0.09738346 | DISGUSTED:0.0897071 | HAPPY:0.04691976 | ,width: 0.23045644 | height: 0.5538045left: 0.42510438 | top: 0.17338528
rajnish_video1.webm.mp4,22974,CALM:57.752735 | FEAR:42.14081 | SURPRISED:8.413744 | SAD:2.295914 | CONFUSED:0.6555382 | DISGUSTED:0.30316374 | ANGRY:0.28497452 | HAPPY:0.21020517 | ,width: 0.22810125 | height: 0.5557444left: 0.42918497 | top: 0.17252782
rajnish_video1.webm.mp4,23492,CALM:83.585625 | FEAR:12.687433 | SURPRISED:7.3836737 | SAD:2.2532747 | CONFUSED:0.7506674 | ANGRY:0.27028912 | DISGUSTED:0.23789273 | HAPPY:0.14981833 | ,width: 0.22835465 | height: 0.55466235left: 0.42812228 | top: 0.17213169
rajnish_video1.webm.mp4,23976,CALM:99.6979 | SURPRISED:6.270054 | FEAR:5.899248 | SAD:2.164281 | CONFUSED:0.059817366 | DISGUSTED:0.038285505 | ANGRY:0.033953592 | HAPPY:0.009968153 | ,width: 0.23326597 | height: 0.548462left: 0.41901392 | top: 0.17532484
rajnish_video1.webm.mp4,24494,CALM:96.081924 | SURPRISED:7.224797 | FEAR:6.046258 | SAD:2.243826 | HAPPY:0.4673687 | CONFUSED:0.32765475 | DISGUSTED:0.32693717 | ANGRY:0.22392121 | ,width: 0.23682013 | height: 0.5662687left: 0.41310486 | top: 0.17403513
rajnish_video1.webm.mp4,24978,CALM:98.25975 | SURPRISED:6.4556956 | FEAR:5.9944134 | SAD:2.2669506 | CONFUSED:0.24460536 | DISGUSTED:0.24266735 | ANGRY:0.10055432 | HAPPY:0.045450162 | ,width: 0.22728471 | height: 0.53668684left: 0.4017172 | top: 0.18945096
rajnish_video1.webm.mp4,25496,CALM:82.372734 | SURPRISED:9.6356325 | FEAR:7.4117355 | SAD:3.0417182 | CONFUSED:2.8432758 | ANGRY:1.217047 | DISGUSTED:1.158903 | HAPPY:0.7501775 | ,width: 0.23932008 | height: 0.54911584left: 0.40417176 | top: 0.1797253
rajnish_video1.webm.mp4,25980,CALM:99.498436 | SURPRISED:6.2763743 | FEAR:5.90388 | SAD:2.1751814 | CONFUSED:0.17360382 | DISGUSTED:0.052769862 | ANGRY:0.04066832 | HAPPY:0.01359181 | ,width: 0.22966023 | height: 0.53782773left: 0.41534382 | top: 0.1835027
rajnish_video1.webm.mp4,26498,CALM:99.22815 | SURPRISED:6.283245 | FEAR:5.916462 | SAD:2.1771448 | CONFUSED:0.34554088 | DISGUSTED:0.08575335 | ANGRY:0.0444642 | HAPPY:0.021448346 | ,width: 0.22354165 | height: 0.5513964left: 0.4306541 | top: 0.17404836
rajnish_video1.webm.mp4,26982,CALM:85.66172 | SURPRISED:9.185007 | FEAR:7.23742 | CONFUSED:3.6633043 | SAD:2.4975805 | DISGUSTED:0.6838189 | ANGRY:0.47319004 | HAPPY:0.2751729 | ,width: 0.2194889 | height: 0.5470587left: 0.42890424 | top: 0.17585178
rajnish_video1.webm.mp4,27465,CALM:97.60301 | SURPRISED:6.442322 | FEAR:6.0482187 | SAD:2.2600622 | CONFUSED:0.7651473 | DISGUSTED:0.24273412 | ANGRY:0.119861044 | HAPPY:0.068190016 | ,width: 0.22377901 | height: 0.54246646left: 0.43007588 | top: 0.17232132
rajnish_video1.webm.mp4,27983,CALM:97.141075 | SURPRISED:6.456037 | FEAR:6.022977 | SAD:2.2612562 | CONFUSED:1.2877811 | DISGUSTED:0.19268063 | ANGRY:0.14049552 | HAPPY:0.073024414 | ,width: 0.21830349 | height: 0.5511675left: 0.4308053 | top: 0.17305358
monika_kumari_video1.webm.mp4,0,CALM:99.02981 | SURPRISED:6.284262 | FEAR:5.8955035 | SAD:2.2578554 | HAPPY:0.2503183 | ANGRY:0.09943383 | CONFUSED:0.08534692 | DISGUSTED:0.054036498 | ,width: 0.20246509 | height: 0.46717173left: 0.39841935 | top: 0.31965017
monika_kumari_video1.webm.mp4,461,CALM:98.99122 | SURPRISED:6.28584 | FEAR:5.893836 | SAD:2.2375638 | HAPPY:0.36615503 | ANGRY:0.10560588 | CONFUSED:0.06833609 | DISGUSTED:0.053632237 | ,width: 0.20362452 | height: 0.46954617left: 0.39707577 | top: 0.31704965
monika_kumari_video1.webm.mp4,987,CALM:98.7648 | SURPRISED:6.32927 | FEAR:5.9314857 | SAD:2.212111 | CONFUSED:0.2726666 | HAPPY:0.21053362 | ANGRY:0.152308 | DISGUSTED:0.080459855 | ,width: 0.20154972 | height: 0.48090193left: 0.4157571 | top: 0.29770407
monika_kumari_video1.webm.mp4,1449,CALM:93.35862 | SURPRISED:7.04479 | FEAR:6.055794 | SAD:2.375256 | HAPPY:1.5628991 | CONFUSED:1.1923089 | ANGRY:0.7834333 | DISGUSTED:0.41301182 | ,width: 0.20167418 | height: 0.48952517left: 0.42818218 | top: 0.30565566
monika_kumari_video1.webm.mp4,1975,CALM:93.0609 | SURPRISED:6.376457 | FEAR:5.9473457 | HAPPY:5.0969777 | SAD:2.3396804 | ANGRY:0.33051887 | DISGUSTED:0.2294641 | CONFUSED:0.22694556 | ,width: 0.20200996 | height: 0.47630328left: 0.42971736 | top: 0.30450737
monika_kumari_video1.webm.mp4,2437,CALM:98.2236 | SURPRISED:6.349455 | FEAR:5.911373 | SAD:2.2119796 | HAPPY:0.6998254 | CONFUSED:0.23567423 | ANGRY:0.23055595 | DISGUSTED:0.10584496 | ,width: 0.19941941 | height: 0.47733375left: 0.43231767 | top: 0.30399984
monika_kumari_video1.webm.mp4,2963,CALM:92.35271 | SURPRISED:6.415032 | FEAR:5.9514565 | SAD:4.6883907 | ANGRY:0.5711931 | HAPPY:0.51268804 | DISGUSTED:0.20261134 | CONFUSED:0.1836751 | ,width: 0.19395217 | height: 0.3523619left: 0.41829047 | top: 0.33938742
monika_kumari_video1.webm.mp4,3490,CALM:97.842255 | SURPRISED:6.302987 | FEAR:5.9716845 | SAD:2.3252208 | HAPPY:0.4618715 | CONFUSED:0.34186354 | ANGRY:0.29771566 | DISGUSTED:0.12445143 | ,width: 0.19919062 | height: 0.45991364left: 0.4011697 | top: 0.31833622
monika_kumari_video1.webm.mp4,3951,CALM:98.269066 | SURPRISED:6.3158593 | FEAR:5.92292 | SAD:2.3006315 | CONFUSED:0.41953245 | HAPPY:0.30456328 | ANGRY:0.17200273 | DISGUSTED:0.083744936 | ,width: 0.21837263 | height: 0.49589115left: 0.39851642 | top: 0.31379455
monika_kumari_video1.webm.mp4,4478,CALM:79.78607 | HAPPY:8.341158 | SAD:6.632569 | SURPRISED:6.6309853 | FEAR:6.0563703 | CONFUSED:0.8784624 | DISGUSTED:0.7789206 | ANGRY:0.77757907 | ,width: 0.2041215 | height: 0.48569506left: 0.41457167 | top: 0.31858996
monika_kumari_video1.webm.mp4,4939,CALM:92.200714 | SURPRISED:6.463807 | FEAR:5.988871 | SAD:3.4887269 | HAPPY:1.8645395 | CONFUSED:0.85095185 | ANGRY:0.53675205 | DISGUSTED:0.3332229 | ,width: 0.21984224 | height: 0.4989902left: 0.40827003 | top: 0.29230863
monika_kumari_video1.webm.mp4,5466,CALM:95.09293 | SURPRISED:6.416019 | FEAR:5.9751396 | SAD:2.3848262 | CONFUSED:1.9290106 | HAPPY:1.031576 | ANGRY:0.4094187 | DISGUSTED:0.19429226 | ,width: 0.21707067 | height: 0.51126283left: 0.4117004 | top: 0.29336727
monika_kumari_video1.webm.mp4,5993,CALM:99.095726 | SURPRISED:6.2847414 | FEAR:5.8904376 | SAD:2.266056 | HAPPY:0.1543247 | CONFUSED:0.13713206 | ANGRY:0.07632993 | DISGUSTED:0.042114995 | ,width: 0.22244473 | height: 0.5025006left: 0.41162744 | top: 0.2891865
monika_kumari_video1.webm.mp4,6454,FEAR:53.075504 | CALM:20.22351 | SURPRISED:9.229436 | CONFUSED:8.077867 | SAD:6.752373 | HAPPY:6.403115 | ANGRY:6.1111298 | DISGUSTED:2.7786584 | ,width: 0.22406626 | height: 0.5512916left: 0.40650874 | top: 0.2820628
monika_kumari_video1.webm.mp4,6981,CALM:97.13667 | SURPRISED:6.3687034 | FEAR:5.9417586 | SAD:2.3355 | HAPPY:0.9570564 | CONFUSED:0.3841692 | ANGRY:0.32137793 | DISGUSTED:0.18831079 | ,width: 0.22105122 | height: 0.51715106left: 0.41357628 | top: 0.29031372
monika_kumari_video1.webm.mp4,7442,CALM:96.4286 | SURPRISED:6.3812227 | FEAR:5.988304 | SAD:2.240518 | HAPPY:2.0548186 | CONFUSED:0.24612951 | ANGRY:0.23141769 | DISGUSTED:0.17613205 | ,width: 0.21995068 | height: 0.5321443left: 0.41764396 | top: 0.2853731
monika_kumari_video1.webm.mp4,7969,CALM:62.01524 | HAPPY:23.391062 | SURPRISED:8.569693 | FEAR:6.5862527 | CONFUSED:3.3551362 | SAD:2.692591 | ANGRY:2.330708 | DISGUSTED:1.5163292 | ,width: 0.21172304 | height: 0.51380974left: 0.42319983 | top: 0.28765267
monika_kumari_video1.webm.mp4,8496,CALM:85.01129 | HAPPY:10.374221 | SURPRISED:6.603658 | FEAR:6.0852284 | SAD:2.653721 | CONFUSED:0.75137687 | ANGRY:0.6534756 | DISGUSTED:0.45243263 | ,width: 0.21333227 | height: 0.50762177left: 0.4227501 | top: 0.29133648
monika_kumari_video1.webm.mp4,8957,CALM:95.89719 | SURPRISED:6.3385396 | FEAR:5.9290013 | SAD:2.3937516 | HAPPY:2.3737664 | CONFUSED:0.26189104 | ANGRY:0.20698863 | DISGUSTED:0.1639865 | ,width: 0.21362439 | height: 0.49926287left: 0.4200192 | top: 0.29070652
monika_kumari_video1.webm.mp4,9484,CALM:88.82326 | HAPPY:6.832878 | SURPRISED:6.7515984 | FEAR:5.978582 | SAD:2.2312505 | CONFUSED:1.5062737 | ANGRY:0.93695486 | DISGUSTED:0.3923095 | ,width: 0.22239646 | height: 0.53309155left: 0.38687992 | top: 0.27362
monika_kumari_video1.webm.mp4,9945,SURPRISED:75.77031 | FEAR:25.618801 | CALM:13.617227 | ANGRY:5.3990526 | CONFUSED:3.881485 | DISGUSTED:3.3188198 | SAD:2.57771 | HAPPY:2.3716173 | ,width: 0.21982563 | height: 0.52911943left: 0.38331932 | top: 0.27547553
monika_kumari_video1.webm.mp4,10472,CALM:95.33615 | SURPRISED:6.4299107 | FEAR:5.939178 | HAPPY:2.5115688 | SAD:2.2981036 | CONFUSED:0.68883246 | ANGRY:0.31355911 | DISGUSTED:0.14142898 | ,width: 0.2167188 | height: 0.5093129left: 0.39601696 | top: 0.31483468
monika_kumari_video1.webm.mp4,10999,CALM:84.81655 | CONFUSED:7.8394413 | SURPRISED:6.8483024 | FEAR:6.3011804 | SAD:2.532928 | HAPPY:1.7377535 | ANGRY:1.5857401 | DISGUSTED:0.5917759 | ,width: 0.21028939 | height: 0.50652534left: 0.41916808 | top: 0.31531617
monika_kumari_video1.webm.mp4,11460,CALM:97.82817 | SURPRISED:6.325891 | FEAR:5.9405284 | SAD:2.3552957 | HAPPY:0.59692127 | CONFUSED:0.31972915 | ANGRY:0.16551618 | DISGUSTED:0.10361146 | ,width: 0.20576458 | height: 0.50493014left: 0.4214502 | top: 0.30198577
monika_kumari_video1.webm.mp4,11987,CALM:98.032196 | SURPRISED:6.3312306 | FEAR:5.944563 | SAD:2.275917 | HAPPY:0.7911709 | CONFUSED:0.16985354 | ANGRY:0.15303344 | DISGUSTED:0.0921681 | ,width: 0.21120349 | height: 0.4849423left: 0.40416965 | top: 0.31356862
monika_kumari_video1.webm.mp4,12448,CALM:75.189766 | SURPRISED:8.251128 | FEAR:7.999859 | HAPPY:7.8745046 | CONFUSED:3.684399 | SAD:2.5604177 | ANGRY:2.1683137 | DISGUSTED:1.4102465 | ,width: 0.21157265 | height: 0.4890427left: 0.40425664 | top: 0.31988946
monika_kumari_video1.webm.mp4,12975,CALM:93.311066 | SURPRISED:6.462252 | FEAR:5.9675875 | HAPPY:3.8389802 | SAD:2.4253244 | CONFUSED:0.5218842 | ANGRY:0.49724695 | DISGUSTED:0.29823437 | ,width: 0.20824023 | height: 0.5090615left: 0.41591364 | top: 0.30753082
monika_kumari_video1.webm.mp4,13436,CALM:92.343124 | SURPRISED:6.4659014 | FEAR:5.9728613 | HAPPY:4.8155775 | SAD:2.385256 | DISGUSTED:0.5208646 | CONFUSED:0.44595245 | ANGRY:0.44038305 | ,width: 0.20964918 | height: 0.50257164left: 0.41767597 | top: 0.3064698
monika_kumari_video1.webm.mp4,13963,HAPPY:96.466705 | SURPRISED:6.5611243 | FEAR:5.924386 | SAD:2.2208152 | CALM:1.5093218 | CONFUSED:0.5099481 | ANGRY:0.3276296 | DISGUSTED:0.21168096 | ,width: 0.20636721 | height: 0.52088046left: 0.43027687 | top: 0.3145218
monika_kumari_video1.webm.mp4,14490,HAPPY:93.597015 | SURPRISED:6.8856835 | FEAR:6.0208774 | CALM:2.51892 | SAD:2.2674 | DISGUSTED:0.7438423 | CONFUSED:0.62022156 | ANGRY:0.53995943 | ,width: 0.21471786 | height: 0.51955026left: 0.4242881 | top: 0.31707656
monika_kumari_video1.webm.mp4,14951,HAPPY:89.449814 | SURPRISED:7.3532977 | FEAR:6.1037946 | CALM:3.5261364 | SAD:2.3617396 | CONFUSED:1.5248188 | DISGUSTED:1.1076142 | ANGRY:1.0815529 | ,width: 0.21883631 | height: 0.5133111left: 0.42208415 | top: 0.31678313
monika_kumari_video1.webm.mp4,15478,CALM:60.311325 | HAPPY:30.811258 | SURPRISED:6.83765 | FEAR:6.1163235 | CONFUSED:4.037403 | SAD:2.5729861 | ANGRY:1.1396593 | DISGUSTED:0.6511458 | ,width: 0.22091646 | height: 0.5308243left: 0.42057228 | top: 0.3190444
monika_kumari_video1.webm.mp4,15939,CALM:93.14525 | SURPRISED:6.501304 | FEAR:5.9548926 | HAPPY:3.482139 | SAD:2.3556385 | CONFUSED:1.0505921 | ANGRY:0.55227166 | DISGUSTED:0.40519512 | ,width: 0.22065249 | height: 0.52557933left: 0.4224043 | top: 0.31082594
rajeev_soni_video2.webm.mp4,0,CALM:74.88395 | CONFUSED:22.654871 | SURPRISED:6.299588 | FEAR:5.9127355 | SAD:2.5455036 | HAPPY:0.50713325 | ANGRY:0.3635402 | DISGUSTED:0.17300333 | ,width: 0.19280024 | height: 0.44325617left: 0.42828855 | top: 0.2967534
rajeev_soni_video2.webm.mp4,481,CALM:76.82717 | CONFUSED:10.305147 | HAPPY:7.3879666 | SURPRISED:6.561614 | FEAR:6.0375447 | SAD:2.6851463 | ANGRY:2.266716 | DISGUSTED:0.57520175 | ,width: 0.19921665 | height: 0.484946left: 0.43599397 | top: 0.263762
rajeev_soni_video2.webm.mp4,997,CALM:93.367455 | SURPRISED:6.3209867 | FEAR:5.937205 | SAD:3.4769297 | ANGRY:1.0220188 | CONFUSED:0.96005434 | HAPPY:0.45049524 | DISGUSTED:0.42499715 | ,width: 0.19429025 | height: 0.45041484left: 0.44429937 | top: 0.2818219
rajeev_soni_video2.webm.mp4,1479,CALM:85.8588 | SURPRISED:6.4514027 | FEAR:6.030322 | CONFUSED:4.977649 | SAD:3.5647702 | ANGRY:2.6943674 | DISGUSTED:1.1240318 | HAPPY:0.88939613 | ,width: 0.20183459 | height: 0.46886528left: 0.45689955 | top: 0.27771786
rajeev_soni_video2.webm.mp4,1995,CALM:95.11589 | SURPRISED:6.3196673 | FEAR:5.9360924 | SAD:2.584781 | CONFUSED:1.4733177 | ANGRY:0.76162475 | DISGUSTED:0.68539464 | HAPPY:0.3344229 | ,width: 0.20873003 | height: 0.49632928left: 0.44614857 | top: 0.2711466
rajeev_soni_video2.webm.mp4,2476,CALM:80.37345 | CONFUSED:8.713856 | SURPRISED:6.461309 | FEAR:6.035174 | SAD:5.766671 | ANGRY:1.4755957 | DISGUSTED:0.9802257 | HAPPY:0.4405189 | ,width: 0.20727643 | height: 0.47789884left: 0.45189175 | top: 0.27377844
rajeev_soni_video2.webm.mp4,2992,CONFUSED:42.53781 | CALM:39.88266 | SAD:11.8906 | SURPRISED:6.4792743 | FEAR:5.957935 | DISGUSTED:1.9501001 | ANGRY:1.8483198 | HAPPY:0.39818218 | ,width: 0.20347977 | height: 0.48763654left: 0.44965324 | top: 0.27828586
rajeev_soni_video2.webm.mp4,3474,CONFUSED:79.61239 | CALM:11.681057 | SURPRISED:6.57533 | FEAR:6.008585 | SAD:3.8001235 | DISGUSTED:2.0727384 | ANGRY:1.1148936 | HAPPY:0.41950935 | ,width: 0.21106243 | height: 0.5121794left: 0.44673973 | top: 0.26580307
rajeev_soni_video2.webm.mp4,3990,CALM:83.33964 | CONFUSED:8.600759 | SURPRISED:6.5113807 | FEAR:5.989688 | HAPPY:3.2244973 | SAD:2.7677903 | ANGRY:1.2959064 | DISGUSTED:0.9048046 | ,width: 0.21205941 | height: 0.50264317left: 0.44454247 | top: 0.265743
rajeev_soni_video2.webm.mp4,4472,CALM:67.86473 | DISGUSTED:14.4743185 | SAD:6.808193 | SURPRISED:6.6252427 | FEAR:6.118785 | ANGRY:4.168658 | CONFUSED:2.3050363 | HAPPY:1.4014769 | ,width: 0.19746141 | height: 0.4756029left: 0.44479173 | top: 0.28975397
rajeev_soni_video2.webm.mp4,4988,CALM:44.8768 | CONFUSED:37.27167 | SURPRISED:8.770147 | HAPPY:6.4262033 | FEAR:6.2531486 | SAD:3.2470555 | ANGRY:1.7869849 | DISGUSTED:1.4282259 | ,width: 0.20441875 | height: 0.49755013left: 0.4395368 | top: 0.26476118
rajeev_soni_video2.webm.mp4,5469,CALM:66.71722 | CONFUSED:20.569202 | SURPRISED:8.17182 | FEAR:6.412033 | SAD:4.017558 | ANGRY:1.2436485 | DISGUSTED:1.1609396 | HAPPY:1.0493693 | ,width: 0.21276465 | height: 0.5089708left: 0.44255596 | top: 0.25207874
rajeev_soni_video2.webm.mp4,5985,CONFUSED:89.73369 | SURPRISED:6.66292 | FEAR:6.006111 | SAD:4.709031 | CALM:2.5382552 | ANGRY:0.3894318 | HAPPY:0.3526611 | DISGUSTED:0.16094255 | ,width: 0.21890831 | height: 0.5152123left: 0.435989 | top: 0.23593535
rajeev_soni_video2.webm.mp4,6467,CALM:28.881332 | HAPPY:17.61639 | CONFUSED:16.001467 | SAD:15.534365 | SURPRISED:10.418948 | ANGRY:7.7479525 | FEAR:6.8682947 | DISGUSTED:5.9275727 | ,width: 0.21305418 | height: 0.5194124left: 0.45222133 | top: 0.21997824
rajeev_soni_video2.webm.mp4,6983,CONFUSED:61.511482 | CALM:28.113483 | SURPRISED:6.465248 | FEAR:5.963766 | SAD:4.303053 | HAPPY:2.1291146 | ANGRY:1.7505652 | DISGUSTED:0.81740916 | ,width: 0.21153021 | height: 0.50076616left: 0.4507896 | top: 0.23652759
rajeev_soni_video2.webm.mp4,7499,CONFUSED:62.40954 | CALM:25.18967 | SURPRISED:6.8754053 | FEAR:6.0600324 | SAD:5.9719853 | ANGRY:1.8997692 | HAPPY:0.8297826 | DISGUSTED:0.5570825 | ,width: 0.21159068 | height: 0.5006933left: 0.4558324 | top: 0.22852452
rajeev_soni_video2.webm.mp4,7981,CALM:50.04927 | SAD:12.060788 | CONFUSED:10.62575 | SURPRISED:9.455659 | ANGRY:9.3842 | FEAR:8.990798 | DISGUSTED:2.5639412 | HAPPY:2.5013459 | ,width: 0.20968914 | height: 0.49993524left: 0.45105267 | top: 0.230847
rajeev_soni_video2.webm.mp4,8497,SAD:95.73071 | CALM:31.639343 | SURPRISED:8.614087 | FEAR:7.504626 | CONFUSED:6.2607846 | ANGRY:3.2657344 | DISGUSTED:1.4592137 | HAPPY:0.94183487 | ,width: 0.21126118 | height: 0.47571537left: 0.45179206 | top: 0.23680623
rajeev_soni_video2.webm.mp4,8978,CONFUSED:56.18873 | CALM:29.589579 | SURPRISED:9.14924 | FEAR:6.632564 | ANGRY:2.776118 | HAPPY:2.646725 | SAD:2.6373239 | DISGUSTED:0.61142623 | ,width: 0.21071777 | height: 0.473863left: 0.45148888 | top: 0.24902654
rajeev_soni_video2.webm.mp4,9495,CONFUSED:76.20572 | SURPRISED:14.185365 | ANGRY:7.4359865 | FEAR:6.0114937 | CALM:3.0832176 | SAD:2.2932768 | HAPPY:1.3282529 | DISGUSTED:0.5740332 | ,width: 0.21346875 | height: 0.49177906left: 0.44231978 | top: 0.24188733
rajeev_soni_video2.webm.mp4,9976,CALM:87.60053 | CONFUSED:7.7735004 | SURPRISED:6.786552 | FEAR:6.012741 | SAD:2.4328604 | ANGRY:1.1275855 | DISGUSTED:1.0010458 | HAPPY:0.21445374 | ,width: 0.21348257 | height: 0.47895932left: 0.44597298 | top: 0.2487192
rajeev_soni_video2.webm.mp4,10492,CALM:75.134834 | SAD:12.261598 | SURPRISED:6.871025 | FEAR:6.1047516 | CONFUSED:5.457961 | ANGRY:2.7859423 | DISGUSTED:1.3612982 | HAPPY:0.51649266 | ,width: 0.20688419 | height: 0.45111102left: 0.454593 | top: 0.28281978
rajeev_soni_video2.webm.mp4,10974,CONFUSED:56.777817 | SAD:22.040035 | CALM:14.731688 | SURPRISED:7.305649 | FEAR:6.5158277 | ANGRY:3.6357112 | DISGUSTED:2.0323234 | HAPPY:1.3447527 | ,width: 0.21652079 | height: 0.47955024left: 0.47220868 | top: 0.24594888
rajeev_soni_video2.webm.mp4,11490,SAD:99.75591 | CONFUSED:17.671656 | CALM:8.045679 | SURPRISED:6.558632 | FEAR:6.166475 | ANGRY:2.0598528 | DISGUSTED:1.3058814 | HAPPY:0.7240569 | ,width: 0.21944419 | height: 0.48804814left: 0.46981964 | top: 0.24440469
rajeev_soni_video2.webm.mp4,11971,CONFUSED:81.86337 | SURPRISED:8.1803255 | FEAR:6.701361 | CALM:6.541863 | SAD:3.312165 | ANGRY:1.2451391 | DISGUSTED:0.97348106 | HAPPY:0.80273056 | ,width: 0.20154552 | height: 0.45561117left: 0.45727843 | top: 0.28111887
rajeev_soni_video2.webm.mp4,12488,SAD:53.5489 | CONFUSED:27.495533 | CALM:25.342226 | FEAR:8.148965 | SURPRISED:7.3389993 | HAPPY:5.6928396 | DISGUSTED:4.1994357 | ANGRY:2.302326 | ,width: 0.2091093 | height: 0.4590114left: 0.45089978 | top: 0.263492
rajeev_soni_video2.webm.mp4,12969,CALM:35.884243 | SAD:19.129051 | ANGRY:17.11748 | CONFUSED:16.936968 | SURPRISED:7.05688 | DISGUSTED:7.0535393 | FEAR:6.597054 | HAPPY:3.0140374 | ,width: 0.20761509 | height: 0.45870778left: 0.45153326 | top: 0.26300243
rajeev_soni_video2.webm.mp4,13485,CONFUSED:46.023933 | ANGRY:19.974972 | SAD:15.965006 | CALM:8.8168335 | SURPRISED:6.9180875 | FEAR:6.81127 | DISGUSTED:3.4225988 | HAPPY:3.040033 | ,width: 0.20537701 | height: 0.46724913left: 0.4517428 | top: 0.26189694
rajeev_soni_video2.webm.mp4,13967,ANGRY:48.965218 | DISGUSTED:13.307328 | CALM:10.634374 | SURPRISED:9.291983 | HAPPY:8.059389 | FEAR:7.14943 | CONFUSED:5.9664416 | SAD:4.264189 | ,width: 0.21033831 | height: 0.49212343left: 0.4558754 | top: 0.26132262
rajeev_soni_video2.webm.mp4,14483,ANGRY:31.603533 | DISGUSTED:21.212309 | CALM:18.168865 | CONFUSED:15.543124 | SURPRISED:8.309267 | FEAR:6.6544824 | HAPPY:5.8228707 | SAD:2.880021 | ,width: 0.21301603 | height: 0.4915992left: 0.45772487 | top: 0.250186
rajeev_soni_video2.webm.mp4,14999,CONFUSED:70.01213 | CALM:16.712744 | SURPRISED:6.8367777 | FEAR:6.443372 | SAD:3.6083162 | DISGUSTED:2.8609037 | ANGRY:2.7442048 | HAPPY:1.3524296 | ,width: 0.2150484 | height: 0.47618225left: 0.45852822 | top: 0.2572155
rajeev_soni_video2.webm.mp4,15481,ANGRY:46.508266 | DISGUSTED:29.821297 | CALM:8.845396 | SURPRISED:6.9002666 | FEAR:6.2130957 | CONFUSED:4.8715124 | SAD:4.281276 | HAPPY:2.8532279 | ,width: 0.21734543 | height: 0.4998113left: 0.4640525 | top: 0.24287169
rajeev_soni_video2.webm.mp4,15997,CONFUSED:55.6405 | CALM:34.528267 | SURPRISED:6.836136 | FEAR:6.1556997 | SAD:2.7741318 | HAPPY:2.2019017 | ANGRY:2.0945911 | DISGUSTED:1.845075 | ,width: 0.21496277 | height: 0.4875342left: 0.45871288 | top: 0.25864822
rajeev_soni_video2.webm.mp4,16478,SAD:98.802055 | DISGUSTED:12.881274 | ANGRY:9.531519 | CALM:8.517386 | FEAR:7.270429 | SURPRISED:7.047151 | CONFUSED:4.5523834 | HAPPY:2.0044246 | ,width: 0.2123229 | height: 0.49689642left: 0.4562676 | top: 0.25372192
rajeev_soni_video2.webm.mp4,16994,CONFUSED:37.470333 | CALM:25.65494 | DISGUSTED:12.096104 | ANGRY:9.16582 | HAPPY:7.9037123 | SURPRISED:7.8508883 | FEAR:6.539921 | SAD:3.3320255 | ,width: 0.20734711 | height: 0.46473286left: 0.4553102 | top: 0.26869938
rajeev_soni_video2.webm.mp4,17476,CONFUSED:50.422203 | DISGUSTED:12.5311985 | CALM:11.479285 | SURPRISED:7.71887 | HAPPY:7.128443 | FEAR:7.1020274 | SAD:5.8266377 | ANGRY:5.530021 | ,width: 0.20848723 | height: 0.46412116left: 0.45354247 | top: 0.26334238
rajeev_soni_video2.webm.mp4,17992,CALM:25.887665 | CONFUSED:18.476341 | DISGUSTED:17.610022 | HAPPY:16.873653 | SURPRISED:8.0705185 | ANGRY:7.5428314 | FEAR:6.9735675 | SAD:6.174401 | ,width: 0.20969161 | height: 0.47522944left: 0.45615467 | top: 0.27015936
rajeev_soni_video2.webm.mp4,18474,CALM:55.84805 | DISGUSTED:17.122858 | ANGRY:7.648106 | HAPPY:7.5901403 | SURPRISED:6.991423 | FEAR:6.4367423 | CONFUSED:5.1190333 | SAD:3.6541727 | ,width: 0.21205083 | height: 0.47635308left: 0.46634442 | top: 0.2662971
rajeev_soni_video2.webm.mp4,18990,CALM:82.04821 | CONFUSED:9.984703 | SURPRISED:6.588334 | FEAR:6.0716124 | SAD:2.942717 | HAPPY:2.793499 | ANGRY:0.897634 | DISGUSTED:0.8386966 | ,width: 0.21286479 | height: 0.47424942left: 0.46475816 | top: 0.26355913
rajeev_soni_video2.webm.mp4,19471,CALM:76.094666 | CONFUSED:7.6609516 | SURPRISED:6.7356253 | FEAR:6.142177 | HAPPY:5.963243 | SAD:3.9874873 | ANGRY:2.4235911 | DISGUSTED:1.7594019 | ,width: 0.21345004 | height: 0.48703054left: 0.46164337 | top: 0.26342553
rajeev_soni_video2.webm.mp4,19987,CALM:51.761757 | SAD:34.945793 | CONFUSED:7.503596 | ANGRY:7.226845 | SURPRISED:7.193041 | FEAR:6.9754667 | DISGUSTED:4.2186837 | HAPPY:2.4235053 | ,width: 0.1944437 | height: 0.44676125left: 0.46197358 | top: 0.28417605
rajeev_soni_video2.webm.mp4,20469,CALM:40.341064 | DISGUSTED:16.048944 | CONFUSED:12.001732 | SAD:10.905681 | HAPPY:9.387934 | SURPRISED:7.8522625 | FEAR:6.9755325 | ANGRY:4.6075287 | ,width: 0.21068926 | height: 0.4967816left: 0.4594512 | top: 0.25484475
rajeev_soni_video2.webm.mp4,20985,HAPPY:22.355087 | CONFUSED:21.367134 | CALM:21.158066 | ANGRY:13.911973 | DISGUSTED:12.490873 | SURPRISED:7.9557548 | FEAR:6.830622 | SAD:3.4000444 | ,width: 0.19932728 | height: 0.45125392left: 0.4392611 | top: 0.2789478
rajeev_soni_video2.webm.mp4,21467,CALM:30.294462 | HAPPY:17.831253 | DISGUSTED:14.147754 | SAD:12.192456 | ANGRY:9.679536 | FEAR:9.002605 | SURPRISED:8.675478 | CONFUSED:4.162549 | ,width: 0.19949427 | height: 0.47581363left: 0.43866235 | top: 0.26429504
rajeev_soni_video2.webm.mp4,21983,CALM:55.373013 | DISGUSTED:22.60896 | HAPPY:7.6715307 | SURPRISED:7.2597685 | FEAR:6.8127775 | CONFUSED:4.467652 | SAD:3.354721 | ANGRY:2.4509826 | ,width: 0.19627619 | height: 0.4580589left: 0.44587326 | top: 0.27235392
rajeev_soni_video2.webm.mp4,22499,DISGUSTED:31.255468 | CALM:20.98682 | CONFUSED:17.847738 | ANGRY:10.352205 | SURPRISED:8.387292 | FEAR:7.6272597 | HAPPY:5.499689 | SAD:5.05873 | ,width: 0.19697161 | height: 0.46274266left: 0.44103003 | top: 0.27583802
rajeev_soni_video2.webm.mp4,22980,DISGUSTED:45.62072 | HAPPY:17.393726 | CALM:11.345534 | ANGRY:10.780188 | SURPRISED:8.543248 | FEAR:6.9778004 | CONFUSED:4.765716 | SAD:3.463943 | ,width: 0.19388065 | height: 0.45113322left: 0.44240332 | top: 0.2771909
rajeev_soni_video2.webm.mp4,23496,CALM:44.695316 | HAPPY:16.172037 | DISGUSTED:14.892951 | ANGRY:7.4963913 | SURPRISED:7.404577 | FEAR:6.927643 | CONFUSED:5.679079 | SAD:5.142876 | ,width: 0.2050745 | height: 0.46511722left: 0.45389718 | top: 0.27389288
rajeev_soni_video2.webm.mp4,23978,HAPPY:83.99999 | SURPRISED:6.7858787 | FEAR:6.5095057 | CALM:5.1849084 | SAD:3.4816856 | CONFUSED:1.8317074 | ANGRY:1.4611608 | DISGUSTED:1.3943748 | ,width: 0.20300388 | height: 0.45827755left: 0.45140615 | top: 0.2732889
